City_ID,City,Country,Lat,Lng,Max Temp,Min Temp,Humidity,Cloudiness,Wind Speed,Date
0,Kars,TR,40.602,43.095,284.4,284.4,54,20,4.12,2022-10-11 15:06:38
1,Bambous Virieux,MU,-20.3428,57.7575,295.49,295.49,67,5,5.35,2022-10-11 15:07:53
2,Namibe,AO,-15.1961,12.1522,295.25,295.25,76,69,5.55,2022-10-11 15:07:57
3,Henties Bay,NA,-22.116,14.2845,289.87,289.87,83,11,7.06,2022-10-11 15:07:57
4,Sept-Iles,CA,50.2001,-66.3821,280.38,280.38,68,100,8.11,2022-10-11 15:07:58
5,Ilulissat,GL,69.2167,-51.1,272.16,272.16,64,75,1.54,2022-10-11 15:07:58
6,Ushuaia,AR,-54.8,-68.3,283.96,282.94,43,75,4.63,2022-10-11 15:07:59
7,Ponta Do Sol,PT,32.6667,-17.1,297.66,297.5,56,8,1.89,2022-10-11 15:07:59
8,Ribeira Grande,PT,38.5167,-28.7,296.37,296.37,78,20,3.09,2022-10-11 15:07:59
9,Pangody,RU,65.85,74.4859,277.01,277.01,91,100,4.81,2022-10-11 15:08:00
10,Vardo,NO,70.3705,31.1107,283.14,283.14,76,75,11.32,2022-10-11 15:08:00
11,Victoria,HK,22.2855,114.1577,298.33,294.79,60,10,2.24,2022-10-11 15:03:25
12,Jamestown,US,42.097,-79.2353,291.21,288.74,52,0,4.63,2022-10-11 15:06:01
13,Ipira,BR,-12.1583,-39.7372,306.07,306.07,27,52,6.62,2022-10-11 15:08:02
14,Buraydah,SA,26.326,43.975,302.63,302.63,10,0,1.23,2022-10-11 15:08:03
15,Saint George,US,37.1041,-113.5841,290.48,290.48,39,0,2.57,2022-10-11 15:05:23
16,Akdepe,TM,42.0551,59.3788,292.37,292.37,13,26,4.04,2022-10-11 15:08:04
17,Narsaq,GL,60.9167,-46.05,276.27,276.27,75,99,1.19,2022-10-11 15:08:04
18,Verkhnyaya Toyma,RU,62.2349,44.9985,279.7,279.7,91,24,1.82,2022-10-11 15:08:05
19,Biograd Na Moru,HR,43.9433,15.4519,298.57,297.54,59,5,5.52,2022-10-11 15:08:07
20,Clyde River,CA,70.4692,-68.5914,263.35,263.35,85,29,2.94,2022-10-11 15:08:08
21,Camopi,GF,3.1655,-52.3158,306.34,306.34,45,92,1.33,2022-10-11 15:08:10
22,Kutno,PL,52.2306,19.3641,286.54,286.24,49,4,4.37,2022-10-11 15:08:12
23,Punta Arenas,CL,-53.15,-70.9167,283.21,283.16,46,75,10.29,2022-10-11 15:08:13
24,Cape Town,ZA,-33.9258,18.4232,295.52,294.21,63,99,4.02,2022-10-11 15:06:04
25,Grindavik,IS,63.8424,-22.4338,279.41,279.41,100,100,3.6,2022-10-11 15:08:14
26,Hermanus,ZA,-34.4187,19.2345,294.71,294.71,86,88,2.67,2022-10-11 15:08:15
27,Kudahuvadhoo,MV,2.6708,72.8944,300.51,300.51,73,100,9.45,2022-10-11 15:08:16
28,Colomi,BO,-17.35,-65.8667,294.16,292.08,44,5,3.23,2022-10-11 15:08:17
29,Grand Gaube,MU,-20.0064,57.6608,295.58,295.58,66,0,1.79,2022-10-11 15:08:17
30,Porto Santo,PT,33.072,-16.3415,297.36,297.36,57,20,9.26,2022-10-11 15:03:48
31,Kindu,CD,-2.95,25.95,301.72,301.72,58,49,0.33,2022-10-11 15:08:19
32,Touros,BR,-5.1989,-35.4608,303.2,303.2,54,23,9.65,2022-10-11 15:08:19
33,Mahebourg,MU,-20.4081,57.7,295.51,295.51,67,4,5.23,2022-10-11 15:08:20
34,Vangaindrano,MG,-23.35,47.6,295.47,295.47,75,3,4.21,2022-10-11 15:08:21
35,Ampanihy,MG,-24.7,44.75,298.65,298.65,53,4,7.26,2022-10-11 15:08:21
36,Caravelas,BR,-17.7125,-39.2481,301.51,301.51,51,54,4.05,2022-10-11 15:08:23
37,Viedma,AR,-40.8135,-62.9967,295.41,295.41,21,98,7.63,2022-10-11 15:08:23
38,Zaragoza,ES,41.6561,-0.8773,296.49,294.4,64,20,1.03,2022-10-11 15:07:29
39,Hithadhoo,MV,-0.6,73.0833,299.69,299.69,81,100,8.85,2022-10-11 15:08:24
40,Dikson,RU,73.5069,80.5464,273.33,273.33,99,100,3.69,2022-10-11 15:08:25
41,Port Elizabeth,ZA,-33.918,25.5701,294.87,292.21,88,95,7.6,2022-10-11 15:08:25
42,Kamenka,RU,51.3223,42.7678,282.44,282.44,94,100,3.64,2022-10-11 15:08:26
43,Forestville,US,38.8451,-76.875,293.4,288.73,57,0,2.06,2022-10-11 15:08:27
44,Walvis Bay,NA,-22.9575,14.5053,290.98,290.98,64,49,8.9,2022-10-11 15:08:28
45,Tandil,AR,-37.3217,-59.1332,291.86,291.86,30,26,4.55,2022-10-11 15:08:30
46,Kavaratti,IN,10.5669,72.642,300.93,300.93,71,100,3.85,2022-10-11 15:08:31
47,Busselton,AU,-33.65,115.3333,284.36,284.36,68,49,4.24,2022-10-11 15:08:32
48,Limoges,FR,45.75,1.3333,290.75,289.46,94,100,2.57,2022-10-11 15:05:12
49,Arraial Do Cabo,BR,-22.9661,-42.0278,300.07,300.07,74,0,10.29,2022-10-11 15:08:34
50,Ostrovnoy,RU,68.0531,39.5131,280.55,280.55,76,18,7.11,2022-10-11 15:08:35
51,Copiapo,CL,-27.3667,-70.3333,286.98,286.98,25,0,3.06,2022-10-11 15:08:35
52,Mizdah,LY,31.4451,12.9801,305.63,305.63,15,55,4.47,2022-10-11 15:08:36
53,Bardiyah,LY,31.7561,25.0865,296.53,296.53,58,81,4.76,2022-10-11 15:08:37
54,Tasiilaq,GL,65.6145,-37.6368,273.24,273.24,99,100,0.82,2022-10-11 15:08:38
55,Chuy,UY,-33.6971,-53.4616,286.83,286.83,94,100,4.27,2022-10-11 15:08:38
56,Chemnitz,DE,50.6667,12.75,287.41,283.76,56,29,2.35,2022-10-11 15:08:39
57,Sabha,LY,27.0377,14.4283,303.54,303.54,15,19,2.87,2022-10-11 15:08:40
58,Mar Del Plata,AR,-38.0023,-57.5575,291.16,290.3,59,0,5.36,2022-10-11 15:08:41
59,Port Alfred,ZA,-33.5906,26.891,295.47,295.47,64,100,4.47,2022-10-11 15:08:42
60,Georgetown,MY,5.4112,100.3354,301.98,299.79,78,20,0.51,2022-10-11 15:06:32
61,La Solana,ES,38.9442,-3.2381,296.26,296.26,37,82,3.82,2022-10-11 15:08:43
62,Novo Aripuana,BR,-5.1206,-60.3797,303.28,303.28,50,99,1.7,2022-10-11 15:08:44
63,Itapirapua,BR,-15.8233,-50.6133,310.17,310.17,18,97,5.99,2022-10-11 15:08:44
64,Mbigou,GA,-1.9005,11.906,296.28,296.28,85,87,0.5,2022-10-11 15:08:45
65,Corn Island,NI,12.1694,-83.0418,300.66,300.66,79,44,5.0,2022-10-11 15:08:45
66,Marrakesh,MA,31.6315,-8.0083,297.19,297.19,57,75,4.63,2022-10-11 15:05:14
67,Altay,CN,47.8667,88.1167,277.44,277.44,58,20,1.48,2022-10-11 15:08:46
68,Los Llanos De Aridane,ES,28.6585,-17.9182,295.01,294.33,87,75,4.63,2022-10-11 15:08:47
69,Saint-Philippe,RE,-21.3585,55.7679,295.92,292.66,74,22,4.57,2022-10-11 15:08:47
70,Iqaluit,CA,63.7506,-68.5145,268.54,268.54,68,27,4.47,2022-10-11 15:08:48
71,Chapais,CA,49.7834,-74.8492,279.5,279.5,59,100,5.8,2022-10-11 15:08:49
72,Georgiyevka,KZ,43.0369,74.7114,285.17,285.17,32,0,2.0,2022-10-11 15:08:49
73,Goderich,CA,43.7501,-81.7165,289.21,286.99,63,0,5.87,2022-10-11 15:08:50
74,Santa Cruz Cabralia,BR,-16.2781,-39.0247,300.28,300.28,74,40,4.63,2022-10-11 15:08:50
75,Camacha,PT,33.0833,-16.3333,295.83,295.83,57,20,9.26,2022-10-11 15:08:51
76,Tambura,SS,5.6,27.4667,297.01,297.01,88,89,1.84,2022-10-11 15:08:51
77,Vicuna,CL,-30.0319,-70.7081,286.0,286.0,25,0,2.89,2022-10-11 15:08:53
78,La Palma,US,33.8464,-118.0467,294.25,291.7,83,100,1.54,2022-10-11 15:08:54
79,Bonito,BR,-21.1211,-56.4819,296.17,296.17,81,91,1.53,2022-10-11 15:05:50
80,East London,ZA,-33.0153,27.9116,296.67,296.67,49,0,7.72,2022-10-11 15:06:25
81,Maceio,BR,-9.6658,-35.7353,300.84,300.84,57,75,5.14,2022-10-11 15:08:23
82,Oistins,BB,13.0667,-59.5333,301.27,301.27,77,100,8.65,2022-10-11 15:06:00
83,Menongue,AO,-14.6585,17.691,307.74,307.74,8,6,3.96,2022-10-11 15:08:59
84,Pivijay,CO,10.4617,-74.6162,303.37,303.37,66,56,3.05,2022-10-11 15:08:59
85,Pimentel,PE,-6.8367,-79.9342,294.31,294.31,64,0,3.6,2022-10-11 15:09:00
86,Lukaya,UG,-0.1489,31.8748,296.29,296.29,65,86,1.13,2022-10-11 15:09:01
87,Botwood,CA,49.1499,-55.3482,284.21,284.21,48,30,6.3,2022-10-11 15:09:02
88,Paamiut,GL,61.994,-49.6678,274.55,274.55,69,96,2.78,2022-10-11 15:09:02
89,Nawa,IN,27.0167,75.0,299.95,299.95,57,0,3.65,2022-10-11 15:09:03
90,Faya,SA,18.3851,42.4509,295.44,295.44,40,8,2.13,2022-10-11 15:09:04
91,Pushkino,RU,56.0172,37.8667,283.31,283.2,62,52,1.73,2022-10-11 15:07:51
92,Bonthe,SL,7.5264,-12.505,301.66,301.66,73,100,3.69,2022-10-11 15:09:05
93,Nanortalik,GL,60.1432,-45.2371,275.79,275.79,78,97,4.94,2022-10-11 15:09:06
94,Sovetskiy,RU,61.3614,63.5842,279.32,279.32,79,100,4.07,2022-10-11 15:09:06
95,Mehamn,NO,71.0357,27.8492,282.1,281.12,81,79,3.09,2022-10-11 15:09:07
96,Intipuca,SV,13.1969,-88.0544,301.2,301.2,72,92,1.39,2022-10-11 15:09:08
97,Berbera,SO,10.4396,45.0143,303.52,303.52,57,0,4.74,2022-10-11 15:09:09
98,Lagoa,PT,39.05,-27.9833,294.4,294.4,80,1,1.84,2022-10-11 15:09:10
99,Araguacu,BR,-12.9306,-49.8264,311.11,311.11,17,85,5.35,2022-10-11 15:09:11
100,Fredericksburg,US,38.3032,-77.4605,293.72,289.45,57,0,1.54,2022-10-11 15:05:39
101,Valdivia,CL,-39.8142,-73.2459,284.2,284.2,83,100,1.36,2022-10-11 15:09:12
102,Torbay,CA,47.6666,-52.7314,285.14,283.43,62,6,3.58,2022-10-11 15:09:13
103,Bengkulu,ID,-3.8004,102.2655,297.5,297.5,86,93,1.62,2022-10-11 15:09:14
104,Santa Rosa,PH,14.3122,121.1114,301.53,299.32,86,100,1.39,2022-10-11 15:06:42
105,Baijiantan,CN,45.6333,85.1833,284.82,284.82,41,0,2.78,2022-10-11 15:09:15
106,Conceicao Das Alagoas,BR,-19.9147,-48.3883,306.47,306.47,26,94,8.03,2022-10-11 15:04:50
107,La Peca,PE,-5.6111,-78.435,300.44,300.44,50,29,1.36,2022-10-11 15:09:17
108,Dunmore Town,BS,25.5,-76.65,301.27,301.27,75,12,4.93,2022-10-11 15:09:18
109,Bakchar,RU,57.0186,82.0711,279.14,279.14,86,11,3.16,2022-10-11 15:09:21
110,Bredasdorp,ZA,-34.5322,20.0403,294.75,294.75,63,38,5.74,2022-10-11 15:09:23
111,Maarianhamina,AX,60.0973,19.9348,284.07,284.07,66,0,3.09,2022-10-11 15:09:24
112,Fort-Shevchenko,KZ,44.5086,50.263,289.94,289.94,58,90,9.19,2022-10-11 15:09:24
113,Cidreira,BR,-30.1811,-50.2056,291.32,291.32,90,100,4.92,2022-10-11 15:09:25
114,Ancud,CL,-41.8697,-73.8203,281.77,281.77,95,100,7.71,2022-10-11 15:09:26
115,Sorland,NO,67.667,12.6934,281.07,281.07,69,100,14.32,2022-10-11 15:09:27
116,Tsabong,BW,-26.0217,22.401,308.38,308.38,10,60,6.87,2022-10-11 15:09:28
117,Nouadhibou,MR,20.931,-17.0347,297.14,297.14,76,88,9.41,2022-10-11 15:09:31
118,Leh,IN,34.1667,77.5833,281.81,281.81,33,85,1.76,2022-10-11 15:09:32
119,Razdolnoye,RU,43.55,131.9167,279.38,277.38,69,0,1.31,2022-10-11 15:09:33
120,Oksfjord,NO,70.2396,22.3479,282.19,281.25,74,0,3.82,2022-10-11 15:09:34
121,Salalah,OM,17.0151,54.0924,299.2,299.2,83,0,1.54,2022-10-11 15:09:33
122,Riyadh,SA,24.6877,46.7219,306.23,306.23,9,0,1.62,2022-10-11 15:09:35
123,Sao Raimundo Nonato,BR,-9.0153,-42.6994,308.07,308.07,23,10,5.61,2022-10-11 15:06:25
124,Coquimbo,CL,-29.9533,-71.3436,290.0,290.0,63,0,4.63,2022-10-11 15:09:36
125,Malumfashi,NG,11.7853,7.6218,305.54,305.54,28,46,4.47,2022-10-11 15:09:36
126,Waddan,LY,29.1614,16.139,304.33,304.33,17,100,1.35,2022-10-11 15:09:37
127,Rio Gallegos,AR,-51.6226,-69.2181,283.18,283.18,50,75,5.14,2022-10-11 15:09:38
128,Kosice,SK,48.6667,21.3333,290.42,290.0,63,0,4.63,2022-10-11 15:09:40
129,Capaci,IT,38.1711,13.2393,297.4,296.34,57,24,8.23,2022-10-11 15:09:41
130,Souillac,MU,-20.5167,57.5167,294.74,294.74,67,3,4.82,2022-10-11 15:09:44
131,Adrar,MR,20.5022,-10.0711,311.07,311.07,13,99,4.06,2022-10-11 15:09:45
132,Salzkotten,DE,51.6717,8.6009,286.91,286.6,50,0,2.06,2022-10-11 15:09:46
133,Chimbote,PE,-9.0853,-78.5783,291.28,291.28,79,83,3.71,2022-10-11 15:09:46
134,Morondava,MG,-20.2833,44.2833,298.82,298.82,79,0,7.34,2022-10-11 15:07:27
135,Abha,SA,18.2164,42.5053,295.29,295.29,15,40,4.12,2022-10-11 15:09:48
136,Upernavik,GL,72.7868,-56.1549,266.54,266.54,68,100,1.98,2022-10-11 15:09:49
137,Hamilton,US,39.1834,-84.5333,292.91,288.63,57,0,4.63,2022-10-11 15:09:49
138,Iquitos,PE,-3.7481,-73.2472,304.17,304.17,79,0,2.06,2022-10-11 15:05:42
139,Krosno,PL,49.6887,21.7706,287.39,285.08,92,100,1.54,2022-10-11 15:09:50
140,Beira,MZ,-19.8436,34.8389,299.19,299.19,66,0,4.01,2022-10-11 15:04:53
141,Laguna,US,38.421,-121.4238,294.86,284.22,79,0,1.54,2022-10-11 15:09:38
142,Balkhash,KZ,46.844,74.9804,282.96,282.96,47,6,4.05,2022-10-11 15:09:52
143,Kaduqli,SD,11.0167,29.7167,303.54,303.54,53,25,2.05,2022-10-11 15:09:52
144,Herat,AF,34.5,62.0,291.5,291.5,14,0,5.14,2022-10-11 15:09:53
145,Salinas,US,36.6777,-121.6555,285.88,284.35,96,100,2.06,2022-10-11 15:09:54
146,Saint-Augustin,CA,51.226,-58.6502,281.16,281.16,57,78,9.66,2022-10-11 15:09:54
147,Samana,DO,19.2056,-69.3369,303.27,302.13,84,40,3.09,2022-10-11 15:07:35
148,Cobourg,DE,50.2667,10.9667,290.38,285.4,61,75,0.45,2022-10-11 15:09:55
149,Iberia,US,29.9502,-91.7507,296.15,295.19,46,0,4.63,2022-10-11 15:09:56
150,Campina Grande Do Sul,BR,-25.3056,-49.0553,298.44,293.29,53,100,2.72,2022-10-11 15:09:57
151,Thompson,CA,55.7435,-97.8558,284.63,284.63,68,100,3.72,2022-10-11 15:09:57
152,Acari,PE,-15.4311,-74.6158,295.47,295.47,54,61,3.1,2022-10-11 15:09:58
153,Sao Jose Da Coroa Grande,BR,-8.8978,-35.1478,300.68,300.68,63,25,6.23,2022-10-11 15:09:58
154,Itacarambi,BR,-15.1022,-44.0919,307.49,307.49,20,14,4.53,2022-10-11 15:09:59
155,Chardara,KZ,41.2547,67.9692,291.38,291.38,31,0,3.58,2022-10-11 15:09:59
156,Skelleftea,SE,64.7507,20.9528,282.04,281.35,93,0,3.6,2022-10-11 15:09:59
157,Jalu,LY,29.0331,21.5482,301.98,301.98,24,98,3.2,2022-10-11 15:10:00
158,Kinston,US,35.2627,-77.5816,294.91,291.33,64,0,0.0,2022-10-11 15:10:02
159,Soloneshnoye,RU,51.6544,84.3197,279.02,279.02,68,99,1.87,2022-10-11 15:10:03
160,Scarborough,GB,54.2797,-0.4044,286.92,285.46,73,100,1.34,2022-10-11 15:05:57
161,Axim,GH,4.8699,-2.2405,300.73,300.73,71,91,4.3,2022-10-11 15:10:05
162,Luderitz,NA,-26.6481,15.1594,291.22,291.22,76,100,5.61,2022-10-11 15:10:07
163,Gamba,GA,-2.65,10.0,300.09,300.09,75,79,4.17,2022-10-11 15:10:10
164,Codrington,AU,-38.2667,141.9667,288.49,288.49,54,100,6.28,2022-10-11 15:10:12
165,Cockburn Town,TC,21.4612,-71.1419,303.13,303.13,66,40,4.12,2022-10-11 15:09:22
166,Wadi Musa,JO,30.3222,35.4793,293.7,293.7,52,0,2.36,2022-10-11 15:10:14
167,Condoto,CO,5.0935,-76.6497,301.08,301.08,80,88,0.95,2022-10-11 15:10:14
168,Vila Velha,BR,-20.3297,-40.2925,303.12,303.12,62,40,5.66,2022-10-11 15:07:23
169,Roald,NO,62.5833,6.1333,283.01,279.66,71,40,7.2,2022-10-11 15:10:16
170,Cabedelo,BR,-6.9811,-34.8339,301.12,301.12,64,21,9.11,2022-10-11 15:10:16
171,Maragogi,BR,-9.0122,-35.2225,300.63,300.63,63,33,6.27,2022-10-11 15:10:17
172,Floro,NO,61.5996,5.0328,282.13,279.24,66,40,4.12,2022-10-11 15:10:18
173,Santona,ES,43.4439,-3.4576,294.22,292.22,82,38,1.41,2022-10-11 15:10:19
174,Kant,IN,27.8,79.8,296.4,296.4,91,1,1.87,2022-10-11 15:10:20
175,Saldanha,ZA,-33.0117,17.9442,291.03,291.03,88,73,6.42,2022-10-11 15:10:21
176,Shakiso,ET,5.75,38.9167,290.46,290.46,82,91,1.18,2022-10-11 15:10:23
177,Boca Do Acre,BR,-8.7522,-67.3978,305.1,305.1,53,61,0.71,2022-10-11 15:10:25
178,Dubti,ET,11.7361,41.0853,309.47,309.47,21,35,4.04,2022-10-11 15:10:26
179,Aketi,CD,2.7388,23.7833,296.88,296.88,94,96,0.88,2022-10-11 15:10:29
180,Marienburg,PL,54.0359,19.0266,286.97,284.73,53,9,5.74,2022-10-11 15:10:30
181,San Andres,CO,12.5847,-81.7006,301.52,301.52,77,52,6.58,2022-10-11 15:10:31
182,Port-Gentil,GA,-0.7193,8.7815,303.13,303.13,70,40,6.17,2022-10-11 15:10:31
183,San Bartolome De Tirajana,ES,27.9248,-15.5733,293.41,292.77,70,75,10.29,2022-10-11 15:10:34
184,Sao Filipe,CV,14.8961,-24.4956,300.02,300.02,74,26,3.42,2022-10-11 15:10:35
185,Uyuni,BO,-20.4597,-66.825,282.75,282.75,7,0,10.97,2022-10-11 15:10:37
186,Melito Di Porto Salvo,IT,37.9222,15.7714,298.45,295.45,61,74,5.14,2022-10-11 15:10:38
187,Pisco,PE,-13.7,-76.2167,292.18,290.94,68,0,4.63,2022-10-11 15:05:40
188,Kruisfontein,ZA,-34.0033,24.7314,293.64,293.64,70,99,11.23,2022-10-11 15:10:40
189,Belmonte,BR,-15.8631,-38.8828,299.54,299.54,63,98,3.64,2022-10-11 15:10:41
190,Inirida,CO,3.8653,-67.9239,300.61,300.61,81,100,0.58,2022-10-11 15:10:41
191,Mazara Del Vallo,IT,37.6641,12.588,298.67,297.34,71,12,3.44,2022-10-11 15:10:43
192,Taoudenni,ML,22.6783,-3.9836,313.44,313.44,12,79,3.38,2022-10-11 15:10:44
193,Cayenne,GF,4.9333,-52.3333,305.17,305.17,58,40,4.63,2022-10-11 15:10:45
194,Chipinge,ZW,-20.1883,32.6236,299.37,299.37,27,0,4.74,2022-10-11 15:10:46
195,Adamovka,RU,51.5223,59.9396,284.81,284.81,35,100,3.32,2022-10-11 15:10:47
196,Pandhana,IN,21.7,76.2167,297.52,297.52,86,99,0.48,2022-10-11 15:10:48
197,Carutapera,BR,-1.195,-46.02,305.52,305.52,51,92,5.3,2022-10-11 15:10:49
198,Salym,RU,60.0625,71.4789,278.84,278.84,71,100,3.77,2022-10-11 15:10:50
199,Irtyshskiy,RU,58.3333,68.1333,279.04,279.04,67,54,2.77,2022-10-11 15:10:51
200,Bandarbeyla,SO,9.4942,50.8122,298.68,298.68,86,99,8.46,2022-10-11 15:10:52
201,Farafangana,MG,-22.8167,47.8333,295.7,295.7,77,0,5.56,2022-10-11 15:10:52
202,Bathsheba,BB,13.2167,-59.5167,301.63,301.63,77,100,8.49,2022-10-11 15:10:53
203,Omboue,GA,-1.5746,9.2618,300.44,300.44,74,78,3.88,2022-10-11 15:10:54
204,Qaanaaq,GL,77.484,-69.3632,258.38,258.38,65,94,3.4,2022-10-11 15:10:55
205,Dvinskoy,RU,62.1535,45.1175,279.7,279.7,91,24,1.87,2022-10-11 15:10:55
206,Ramkola,IN,26.9042,83.8411,295.62,295.62,92,100,1.74,2022-10-11 15:10:56
207,Castro,BR,-24.7911,-50.0119,296.81,296.81,61,93,4.75,2022-10-11 15:10:56
208,Bell Ville,AR,-32.6259,-62.6887,295.19,294.71,23,0,4.13,2022-10-11 15:10:57
209,Goundam,ML,16.4145,-3.6708,312.47,312.47,10,82,5.45,2022-10-11 15:10:57
210,Maputo,MZ,-25.9653,32.5892,298.97,298.97,65,0,7.2,2022-10-11 15:09:30
211,Sharkan,RU,57.2989,53.8712,281.41,281.41,91,100,1.22,2022-10-11 15:10:58
212,Tessalit,ML,20.1986,1.0114,311.06,311.06,9,45,5.02,2022-10-11 15:10:59
213,Altamira,BR,-3.2033,-52.2064,302.05,302.05,65,99,1.07,2022-10-11 15:08:58
214,Ponta Delgada,PT,37.7333,-25.6667,295.55,295.55,78,75,2.57,2022-10-11 15:10:59
215,Den Helder,NL,52.9599,4.7593,289.25,287.14,65,20,5.36,2022-10-11 15:07:31
216,Skopin,RU,53.8249,39.5505,281.75,281.75,86,100,5.04,2022-10-11 15:11:01
217,Annapolis,US,38.9785,-76.4922,294.23,288.71,66,0,0.45,2022-10-11 15:11:02
218,Kedrovyy,RU,56.1667,91.8167,278.38,278.08,94,100,6.1,2022-10-11 15:11:03
219,Tabuk,PH,17.4189,121.4443,296.69,296.69,94,100,4.24,2022-10-11 15:11:05
220,Shadegan,IR,30.6497,48.6647,308.38,308.38,13,0,4.87,2022-10-11 15:11:07
221,Puerto Carreno,CO,6.189,-67.4859,303.64,303.64,63,26,1.87,2022-10-11 15:11:08
222,Hammerfest,NO,70.6634,23.6821,282.4,282.4,66,20,3.6,2022-10-11 15:11:10
223,San Rafael Del Sur,NI,11.8485,-86.4384,300.59,300.59,77,38,1.93,2022-10-11 15:11:12
224,Sakakah,SA,29.9697,40.2064,303.72,303.72,15,0,2.58,2022-10-11 15:11:13
225,Jeremie,HT,18.65,-74.1167,302.9,302.9,63,34,1.41,2022-10-11 15:11:14
226,Hofn,IS,64.2539,-15.2082,281.2,281.2,93,100,6.26,2022-10-11 15:11:16
227,Port Blair,IN,11.6667,92.75,299.71,299.71,76,57,2.24,2022-10-11 15:11:19
228,Kulhudhuffushi,MV,6.6221,73.07,300.14,300.14,81,81,8.34,2022-10-11 15:11:19
229,Thunder Bay,CA,48.4001,-89.3168,285.85,285.85,70,1,3.87,2022-10-11 15:11:20
230,Lasa,IT,46.6166,10.7002,290.02,289.09,61,100,0.9,2022-10-11 15:11:21
231,Inhambane,MZ,-23.865,35.3833,298.27,298.27,72,2,4.87,2022-10-11 15:11:22
232,Opuwo,NA,-18.0607,13.84,308.53,308.53,7,80,4.95,2022-10-11 15:11:24
233,Profondeville,BE,50.3761,4.8669,289.1,286.63,54,32,3.15,2022-10-11 15:11:25
234,Yarada,IN,17.65,83.2667,300.33,300.33,94,75,1.03,2022-10-11 15:11:27
235,Necochea,AR,-38.5473,-58.7368,292.64,292.64,33,6,4.19,2022-10-11 15:11:28
236,Mahendragarh,IN,28.2833,76.15,299.12,299.12,69,52,2.84,2022-10-11 15:11:29
237,Larsnes,NO,62.2028,5.5773,282.84,279.08,85,100,4.74,2022-10-11 15:11:30
238,Nantucket,US,41.2835,-70.0995,292.21,289.21,78,0,3.09,2022-10-11 15:07:48
239,Mandali,IQ,33.7499,45.5541,302.3,302.3,19,0,4.25,2022-10-11 15:11:31
240,Korla,CN,41.7597,86.1469,281.57,281.57,73,83,8.76,2022-10-11 15:11:33
241,Monrovia,LR,6.3005,-10.7969,305.02,305.02,74,100,2.57,2022-10-11 15:11:34
242,Dingle,PH,10.9995,122.6711,298.12,298.12,88,100,1.49,2022-10-11 15:11:35
243,Santa Marta,CO,11.2408,-74.199,304.76,304.76,67,57,0.45,2022-10-11 15:10:22
244,Rawson,AR,-43.3002,-65.1023,291.37,291.37,30,100,1.13,2022-10-11 15:11:37
245,Santa Barbara,US,34.7333,-120.0343,287.5,282.46,95,100,0.0,2022-10-11 15:06:50
246,Portland,US,45.5234,-122.6762,285.36,280.79,88,20,1.54,2022-10-11 15:08:51
247,Santiago Del Estero,AR,-27.7951,-64.2615,296.43,296.43,20,0,2.17,2022-10-11 15:07:10
248,Soyo,AO,-6.1349,12.3689,300.35,300.35,70,28,4.93,2022-10-11 15:11:40
249,Tabas,IR,33.5959,56.9244,299.41,299.41,13,0,1.82,2022-10-11 15:11:41
250,Bahir Dar,ET,11.5936,37.3908,291.87,291.87,79,78,2.49,2022-10-11 15:11:42
251,Sechura,PE,-5.5569,-80.8222,294.94,294.94,64,39,3.75,2022-10-11 15:11:43
252,San Juan,AR,-31.5375,-68.5364,296.3,296.3,13,0,3.95,2022-10-11 15:07:53
253,Lidkoping,SE,58.5052,13.1577,285.05,284.16,64,5,4.96,2022-10-11 15:11:44
254,El Playon,CO,7.4713,-73.2031,300.3,300.3,64,58,2.0,2022-10-11 15:11:44
255,Hambantota,LK,6.1241,81.1185,300.05,300.05,81,98,6.33,2022-10-11 15:11:46
256,Sao Joao Da Barra,BR,-21.6403,-41.0511,302.2,302.2,70,6,7.43,2022-10-11 15:11:46
257,Mahibadhoo,MV,3.7833,72.9667,300.6,300.6,75,98,9.33,2022-10-11 15:11:48
258,Puerto Del Rosario,ES,28.5004,-13.8627,296.01,296.01,83,75,5.66,2022-10-11 15:11:49
259,Bilma,NE,18.6853,12.9164,309.11,309.11,11,0,2.6,2022-10-11 15:11:50
260,Aleksandrovskoye,RU,44.7142,43.0008,287.26,287.26,51,98,6.63,2022-10-11 15:11:51
261,Najran,SA,17.4924,44.1277,299.35,299.35,19,4,5.2,2022-10-11 15:11:51
262,Bodden Town,KY,19.2833,-81.25,305.15,303.11,68,20,5.66,2022-10-11 15:11:52
263,Praia Da Vitoria,PT,38.7333,-27.0667,297.46,297.46,83,0,2.63,2022-10-11 15:11:53
264,Prestice,CZ,49.573,13.3335,287.18,284.8,87,100,1.73,2022-10-11 15:11:53
265,Bereda,ES,43.2686,-7.5406,294.49,293.47,74,49,2.62,2022-10-11 15:11:54
266,Zhanaozen,KZ,43.3,52.8,293.35,293.35,16,6,4.52,2022-10-11 15:11:54
267,Kismayo,SO,-0.3582,42.5454,298.58,298.58,71,20,6.46,2022-10-11 15:11:55
268,Terre-De-Bas,GP,15.8501,-61.6442,302.03,301.88,79,100,8.49,2022-10-11 15:11:56
269,Kidal,ML,18.4411,1.4078,310.32,310.32,9,30,4.85,2022-10-11 15:11:57
270,Yenagoa,NG,4.9247,6.2642,301.47,301.47,73,75,2.29,2022-10-11 15:11:58
271,Talnakh,RU,69.4865,88.3972,274.24,274.24,98,100,4.01,2022-10-11 15:12:01
272,Virginia Beach,US,36.8529,-75.978,294.29,290.38,57,0,3.09,2022-10-11 15:12:01
273,Paracatu,BR,-17.2222,-46.8747,306.09,306.09,17,10,6.2,2022-10-11 15:08:58
274,Saint-Pierre,RE,-21.3393,55.4781,295.97,292.7,68,75,8.75,2022-10-11 15:12:03
275,Dodoma,TZ,-6.1722,35.7395,300.18,300.18,22,3,5.36,2022-10-11 15:12:04
276,Concepcion,CL,-36.827,-73.0498,284.04,284.04,71,40,7.2,2022-10-11 15:11:32
277,Sinazongwe,ZM,-17.2614,27.4618,304.07,304.07,34,0,3.21,2022-10-11 15:12:06
278,San Vicente De Canete,PE,-13.0751,-76.3835,292.8,292.8,71,86,3.26,2022-10-11 15:12:07
279,Longyearbyen,SJ,78.2186,15.6401,274.06,274.06,69,75,11.83,2022-10-11 15:12:10
280,Muros,ES,42.7762,-9.0603,298.62,297.67,61,0,2.71,2022-10-11 15:12:12
281,Igarka,RU,67.4667,86.5833,274.94,274.94,97,100,6.95,2022-10-11 15:12:14
282,Ronneby,SE,56.21,15.276,285.43,285.43,71,20,5.66,2022-10-11 15:12:15
283,Marzuq,YE,14.4,46.4667,300.17,300.17,23,0,4.49,2022-10-11 15:12:15
284,Arroio Grande,BR,-32.2375,-53.0869,288.08,288.08,97,100,4.67,2022-10-11 15:12:17
285,Teeli,RU,51.0333,90.2333,277.89,277.89,44,99,1.15,2022-10-11 15:12:17
286,Aquiraz,BR,-3.9014,-38.3911,306.2,301.58,50,4,7.64,2022-10-11 15:12:18
287,Guarapuava,BR,-25.3953,-51.4581,290.6,290.6,89,98,3.07,2022-10-11 15:12:19
288,Astana,KZ,51.1801,71.446,280.12,280.12,65,0,4.0,2022-10-11 15:12:20
289,Vidalia,US,32.2177,-82.4135,297.12,295.21,64,40,4.12,2022-10-11 15:12:21
290,Sao Joao Do Paraiso,BR,-15.3136,-42.0144,305.23,305.23,18,6,6.39,2022-10-11 15:12:22
291,Lapao,BR,-11.3833,-41.8319,304.45,304.45,23,7,7.41,2022-10-11 15:12:23
292,Edgewater,US,28.9889,-80.9023,302.68,299.33,65,20,7.0,2022-10-11 15:12:23
293,Tilhar,IN,27.9833,79.7333,296.12,296.12,92,0,1.74,2022-10-11 15:12:24
294,Tucurui,BR,-3.7661,-49.6725,309.55,309.55,33,86,2.19,2022-10-11 15:12:24
295,Pucallpa,PE,-8.3791,-74.5539,305.17,305.17,58,20,4.12,2022-10-11 15:10:22
296,Kasama,ZM,-10.2129,31.1808,302.91,302.91,18,99,3.41,2022-10-11 15:12:25
297,Moose Factory,CA,51.2585,-80.6094,284.12,284.12,59,71,6.13,2022-10-11 15:12:26
298,Pardilho,PT,40.7993,-8.626,299.26,295.5,65,14,4.69,2022-10-11 15:12:26
299,Coruripe,BR,-10.1256,-36.1756,301.34,301.34,57,23,5.79,2022-10-11 15:12:27
300,Danville,US,36.586,-79.395,290.86,288.51,55,0,0.45,2022-10-11 15:12:27
301,Raga,SS,8.4596,25.678,297.85,297.85,78,46,1.95,2022-10-11 15:12:28
302,Kuryk,KZ,43.2,51.65,293.28,293.28,64,72,10.08,2022-10-11 15:12:28
303,Klaksvik,FO,62.2266,-6.589,282.66,282.66,87,58,8.36,2022-10-11 15:12:29
304,Saint-Francois,FR,46.4154,3.9054,291.86,291.84,72,0,3.09,2022-10-11 15:12:03
305,Raudeberg,NO,61.9875,5.1352,281.52,278.63,13,85,7.22,2022-10-11 15:12:29
306,Ondjiva,AO,-17.0667,15.7333,309.15,309.15,6,28,3.11,2022-10-11 15:12:30
307,Tazovskiy,RU,67.4667,78.7,276.19,276.19,97,100,4.02,2022-10-11 15:12:30
308,Togul,RU,53.465,85.9128,281.98,281.98,58,100,5.78,2022-10-11 15:12:31
309,Arauca,CO,7.0847,-70.7591,301.14,301.14,79,62,1.58,2022-10-11 15:12:31
310,Bousse,BF,12.6606,-1.8922,308.04,308.04,32,18,3.68,2022-10-11 15:12:32
311,Marsa Matruh,EG,31.3525,27.2453,296.78,296.78,64,6,4.61,2022-10-11 15:12:32
312,Iisaku,EE,59.1014,27.3081,282.86,282.86,81,71,5.95,2022-10-11 15:12:33
313,Valparaiso,CL,-33.0393,-71.6273,290.93,285.95,46,100,2.57,2022-10-11 15:08:47
314,Wattegama,LK,6.7989,81.4808,298.52,298.52,84,97,2.62,2022-10-11 15:12:33
315,Sokoni,TZ,-6.4333,39.55,297.69,297.69,74,7,7.77,2022-10-11 15:12:34
316,Teodoro Sampaio,BR,-22.5325,-52.1675,298.14,298.14,68,100,1.84,2022-10-11 15:10:03
317,Agadir,MA,30.4202,-9.5982,297.4,297.4,62,13,6.9,2022-10-11 15:12:35
318,Meulaboh,ID,4.1363,96.1285,299.14,299.14,79,100,0.48,2022-10-11 15:12:35
319,Obera,AR,-27.4871,-55.1199,287.06,287.06,98,100,1.6,2022-10-11 15:12:38
320,Vestmannaeyjar,IS,63.4427,-20.2734,281.7,281.7,100,100,6.69,2022-10-11 15:12:38
321,Les Cayes,HT,18.2,-73.75,303.15,303.15,65,83,3.79,2022-10-11 15:12:39
322,Sansepolcro,IT,43.5747,12.143,294.22,290.43,69,100,2.49,2022-10-11 15:12:40
323,Yelanskiy,RU,56.8419,62.5014,283.15,283.15,86,100,1.78,2022-10-11 15:12:40
324,Mercedes,AR,-34.6515,-59.4307,295.95,293.51,24,27,1.7,2022-10-11 15:12:42
325,Sur,OM,22.5667,59.5289,300.76,300.76,50,2,0.78,2022-10-11 15:12:42
326,Constitucion,CL,-35.3333,-72.4167,288.49,288.49,61,4,4.77,2022-10-11 15:12:43
327,Polyarnyy,RU,69.1989,33.4478,280.52,280.52,82,90,7.55,2022-10-11 15:12:44
328,Boende,CD,-0.2167,20.8667,300.11,300.11,67,96,0.91,2022-10-11 15:12:45
329,Hobyo,SO,5.3505,48.5268,298.9,298.9,80,82,9.98,2022-10-11 15:12:45
330,Sinnamary,GF,5.3833,-52.95,303.26,303.26,65,45,3.7,2022-10-11 15:12:46
331,Wajir,KE,1.7471,40.0573,305.42,305.42,29,5,5.3,2022-10-11 15:12:46
332,Rundu,NA,-17.9333,19.7667,307.7,307.7,7,61,5.56,2022-10-11 15:12:47
333,Spasskoye,RU,44.6108,132.7969,278.86,278.86,69,2,3.42,2022-10-11 15:12:47
334,San Borja,BO,-14.8167,-66.85,300.03,300.03,50,100,1.53,2022-10-11 15:12:48
335,Keti Bandar,PK,24.1447,67.4497,302.04,302.04,52,0,4.59,2022-10-11 15:12:49
336,Derzhavinsk,KZ,51.1,66.3167,284.12,284.12,39,32,1.97,2022-10-11 15:12:49
337,Idukki,IN,9.85,76.9667,294.98,294.98,97,100,0.69,2022-10-11 15:12:50
338,Kommunisticheskiy,RU,61.6789,64.4819,278.59,278.59,81,86,4.11,2022-10-11 15:12:51
339,Vallenar,CL,-28.5708,-70.7581,296.68,296.68,25,0,3.3,2022-10-11 15:12:51
340,Road Town,VG,18.4167,-64.6167,304.2,304.17,79,20,5.14,2022-10-11 15:12:52
341,Thinadhoo,MV,0.5333,72.9333,299.76,299.76,76,100,8.26,2022-10-11 15:12:52
342,Mangrol,IN,21.1167,70.1167,301.48,301.48,77,15,3.75,2022-10-11 15:12:53
343,Bereznik,RU,62.8551,42.7072,279.75,279.75,87,9,2.18,2022-10-11 15:12:53
344,Colares,PT,38.7992,-9.4469,301.18,293.65,78,20,3.09,2022-10-11 15:12:54
345,Lethem,GY,3.3803,-59.7968,300.69,300.69,73,100,2.85,2022-10-11 15:12:54
346,Contamana,PE,-7.3333,-75.0167,307.84,307.84,38,14,2.65,2022-10-11 15:12:55
347,Arroyo,ES,41.6096,-4.7969,295.7,294.3,56,40,3.09,2022-10-11 15:12:56
348,Harvard,US,42.4222,-88.6137,290.78,287.92,74,50,7.01,2022-10-11 15:08:36
349,Changji,CN,44.0167,87.3167,283.59,283.59,46,0,2.0,2022-10-11 15:12:56
350,Lebu,CL,-37.6167,-73.65,284.64,284.64,69,97,2.53,2022-10-11 15:12:57
351,Richards Bay,ZA,-28.783,32.0377,299.6,299.6,65,99,8.1,2022-10-11 15:12:57
352,Havre-Saint-Pierre,CA,50.2334,-63.5986,280.06,280.06,78,100,12.71,2022-10-11 15:12:58
353,Chake Chake,TZ,-5.2459,39.7666,297.49,297.49,70,8,5.08,2022-10-11 15:12:58
354,Berlevag,NO,70.8578,29.0864,283.04,281.15,81,100,4.12,2022-10-11 15:12:59
355,Xapuri,BR,-10.6517,-68.5044,307.23,307.23,43,43,1.91,2022-10-11 15:12:59
356,Lamu,KE,-2.2717,40.902,299.27,299.27,76,8,6.57,2022-10-11 15:13:00
357,Araouane,ML,18.9048,-3.5265,311.94,311.94,9,9,3.15,2022-10-11 15:13:00
358,Vila Do Maio,CV,15.1333,-23.2167,301.59,301.59,81,95,6.23,2022-10-11 15:13:01
359,Zapolyarnyy,RU,69.4154,30.8136,281.75,281.75,78,100,7.61,2022-10-11 15:13:01
360,Pinega,RU,64.7001,43.3936,281.49,281.49,74,100,3.83,2022-10-11 15:13:02
361,Berezovka,BY,53.7214,25.4993,284.78,284.78,78,96,2.53,2022-10-11 15:13:03
362,Olafsvik,IS,64.8945,-23.7142,280.52,280.52,80,100,5.5,2022-10-11 15:13:03
363,Trogir,HR,43.5125,16.2517,298.59,296.18,56,40,1.03,2022-10-11 15:13:04
364,Hadejia,NG,12.4498,10.0444,309.48,309.48,16,2,5.51,2022-10-11 15:08:14
365,Berekua,DM,15.2333,-61.3167,302.31,302.31,81,100,7.33,2022-10-11 15:13:06
366,Brae,GB,60.3964,-1.353,283.21,283.21,87,100,5.57,2022-10-11 15:13:07
367,Madinat Sittah Uktubar,EG,29.8167,31.05,301.93,301.63,31,0,4.41,2022-10-11 15:13:10
368,Kargil,IN,34.5667,76.1,280.51,280.51,46,94,1.27,2022-10-11 15:13:11
369,Tambovka,RU,50.0969,128.0489,275.25,275.25,63,2,2.7,2022-10-11 15:13:12
370,Zomin,UZ,39.9606,68.3958,289.62,289.62,24,0,2.18,2022-10-11 15:13:12
371,Chokwe,MZ,-24.5333,32.9833,307.77,307.77,31,0,1.96,2022-10-11 15:13:13
372,Hauterive,FR,46.0901,3.4459,290.57,290.57,63,100,2.2,2022-10-11 15:13:13
373,Khandbari,NP,27.3747,87.2039,293.49,293.49,89,100,1.96,2022-10-11 15:13:14
374,Riberalta,BO,-10.9833,-66.1,307.5,307.5,44,63,1.18,2022-10-11 15:13:14
375,Kunya,NG,12.2233,8.5325,308.12,308.12,18,6,4.96,2022-10-11 15:13:15
376,Ambilobe,MG,-13.2,49.05,297.66,297.66,57,0,1.97,2022-10-11 15:13:15
377,Stornoway,GB,58.2093,-6.3865,285.33,284.84,94,75,3.09,2022-10-11 15:13:16
378,Muisne,EC,0.6,-80.0333,297.14,297.14,82,100,3.85,2022-10-11 15:13:17
379,Marsh Harbour,BS,26.5412,-77.0636,301.51,301.51,73,23,4.21,2022-10-11 15:13:17
380,Shushtar,IR,32.0455,48.8567,306.59,306.59,12,0,4.76,2022-10-11 15:13:18
381,Kathu,TH,7.9178,98.3332,302.42,299.05,99,81,4.15,2022-10-11 15:13:18
382,Shannon,IE,52.7039,-8.8642,288.15,286.56,63,75,8.75,2022-10-11 15:13:19
383,Loubomo,CG,-4.1997,12.6739,301.85,301.85,59,96,1.11,2022-10-11 15:13:19
384,Mogadishu,SO,2.0371,45.3438,298.47,298.47,82,9,8.33,2022-10-11 15:08:41
385,Stoughton,US,42.1251,-71.1023,290.28,285.6,65,0,3.6,2022-10-11 15:13:20
386,Saint-Leu,RE,-21.15,55.2833,295.63,292.36,75,57,4.06,2022-10-11 15:13:21
387,Kipini,KE,-2.5257,40.5262,299.31,299.31,76,1,7.28,2022-10-11 15:13:21
388,Akdagmadeni,TR,39.6603,35.8836,286.44,286.44,44,31,1.95,2022-10-11 15:13:22
389,Skjervoy,NO,70.0311,20.9714,284.15,284.15,76,14,1.78,2022-10-11 15:13:22
390,Calvinia,ZA,-31.4707,19.776,299.8,299.8,20,100,4.56,2022-10-11 15:13:23
391,Murgab,TM,37.4966,61.9714,294.17,294.17,14,0,3.64,2022-10-11 15:13:23
392,Karaton,ID,-6.3424,106.1045,296.79,296.79,89,100,0.48,2022-10-11 15:13:24
393,Puta,AZ,40.2967,49.6603,291.16,291.16,73,30,12.66,2022-10-11 15:13:25
394,Carnarvon,AU,-24.8667,113.6333,291.38,291.38,62,96,13.66,2022-10-11 15:13:25
395,Sabang,ID,5.8933,95.3214,300.91,300.91,75,34,5.77,2022-10-11 15:13:29
396,Dhadar,IN,28.3305,75.0632,300.95,300.95,56,17,2.98,2022-10-11 15:13:29
397,Virovitica,HR,45.8319,17.3839,291.77,291.77,60,13,1.6,2022-10-11 15:13:30
398,Serebryansk,KZ,49.6925,83.2892,278.38,278.38,62,14,0.51,2022-10-11 15:13:31
399,Marawi,PH,7.9986,124.2928,294.1,294.1,94,94,0.85,2022-10-11 15:13:31
400,Iskateley,RU,67.6803,53.1512,277.31,277.31,91,23,3.34,2022-10-11 15:13:32
401,Save,BJ,8.0425,2.486,302.26,302.26,69,84,0.81,2022-10-11 15:13:33
402,Shache,CN,38.4167,77.2406,290.77,290.77,20,0,4.15,2022-10-11 15:13:34
403,Sumbe,AO,-11.2061,13.8437,297.94,297.94,72,24,4.43,2022-10-11 15:13:34
404,Kalamare,BW,-22.9337,26.5703,302.67,302.67,15,1,6.44,2022-10-11 15:13:36
405,Garmsar,IR,35.2182,52.3409,300.17,300.17,16,0,1.9,2022-10-11 15:13:36
406,Samfya,ZM,-11.3649,29.5565,303.91,303.91,22,36,5.76,2022-10-11 15:13:37
407,Parsabad,IR,39.6482,47.9174,295.59,295.59,53,1,7.12,2022-10-11 15:13:37
408,Surt,LY,31.2089,16.5887,302.96,302.96,40,98,4.13,2022-10-11 15:13:40
409,Tubuala,PA,9.5167,-79.0333,302.13,302.13,70,8,1.01,2022-10-11 15:13:40
410,Filadelfia,US,39.9523,-75.1638,293.27,288.5,61,0,2.06,2022-10-11 15:11:15
411,Savelugu,GH,9.6244,-0.8253,305.54,305.54,50,48,3.16,2022-10-11 15:13:41
412,Chateau-Thierry,FR,49.05,3.4,292.03,289.39,37,8,3.33,2022-10-11 15:13:42
413,Misratah,LY,32.3754,15.0925,302.96,302.96,46,16,4.07,2022-10-11 15:13:42
414,Ornskoldsvik,SE,63.2909,18.7153,282.68,282.68,66,0,6.17,2022-10-11 15:13:45
415,Mwingi,KE,-0.9344,38.0601,299.29,299.29,33,10,5.33,2022-10-11 15:13:45
416,Comodoro Rivadavia,AR,-45.8667,-67.5,290.07,290.07,36,20,13.38,2022-10-11 15:13:46
417,Vilhena,BR,-12.7406,-60.1458,298.69,298.69,64,77,3.77,2022-10-11 15:13:46
418,Pangnirtung,CA,66.1451,-65.7125,268.41,268.41,73,90,0.39,2022-10-11 15:11:26
419,Mineros,BO,-17.1167,-63.2333,292.24,292.24,48,100,2.76,2022-10-11 15:13:47
420,Nueva Guinea,NI,11.6876,-84.4562,298.98,298.98,87,77,2.98,2022-10-11 15:13:48
421,Stepnogorsk,KZ,52.3544,71.8869,283.51,283.51,51,84,3.76,2022-10-11 15:13:49
422,Puerto El Triunfo,SV,13.2833,-88.55,300.82,300.82,76,91,1.37,2022-10-11 15:13:50
423,Kiruna,SE,67.8557,20.2251,279.66,279.66,61,0,6.69,2022-10-11 15:13:51
424,Seia,PT,40.4151,-7.7086,297.99,296.94,47,72,1.79,2022-10-11 15:13:52
425,Nazca,PE,-14.8333,-74.95,298.15,298.15,37,40,2.85,2022-10-11 15:13:53
426,Yanaul,RU,56.2719,54.9309,283.17,283.17,78,100,1.16,2022-10-11 15:13:54
427,Goya,AR,-29.14,-59.2626,295.34,295.34,38,0,2.88,2022-10-11 15:13:54
428,Malanje,AO,-9.5402,16.341,299.94,299.94,34,93,3.19,2022-10-11 15:13:55
429,Vila Franca Do Campo,PT,37.7167,-25.4333,295.38,295.38,64,31,1.87,2022-10-11 15:13:55
430,Zholymbet,KZ,51.7433,71.7122,283.38,283.38,48,62,3.12,2022-10-11 15:13:56
431,Kerman,IR,30.2832,57.0788,294.26,294.26,13,0,3.4,2022-10-11 15:13:57
432,Goure,NE,13.9835,10.2704,309.86,309.86,12,7,6.54,2022-10-11 15:13:57
433,Brokopondo,SR,4.75,-55.1667,303.05,303.05,60,23,1.18,2022-10-11 15:13:58
434,Bubaque,GW,11.2833,-15.8333,301.73,301.73,75,100,2.97,2022-10-11 15:13:58
435,Chililabombwe,ZM,-12.3648,27.8229,302.73,302.73,18,69,2.98,2022-10-11 15:13:59
436,Zhezkazgan,KZ,47.8043,67.7144,282.14,282.14,34,0,5.0,2022-10-11 15:13:59
437,Luau,AO,-10.7073,22.2247,307.41,307.41,12,68,3.36,2022-10-11 15:14:00
438,Sambava,MG,-14.2667,50.1667,295.07,295.07,80,0,5.14,2022-10-11 15:14:01
439,Patna,IN,25.6,85.1167,299.11,299.11,89,75,1.03,2022-10-11 15:14:01
440,Kalmunai,LK,7.4167,81.8167,299.81,299.81,82,95,4.39,2022-10-11 15:14:02
441,Buenaventura,CO,3.8801,-77.0312,300.03,300.03,86,91,1.93,2022-10-11 15:10:02
442,Nuuk,GL,64.1835,-51.7216,272.49,272.49,93,75,2.06,2022-10-11 15:11:07
443,Chigorodo,CO,7.6664,-76.6811,300.93,300.93,81,93,1.07,2022-10-11 15:14:03
444,Kimparana,ML,12.8347,-4.9244,308.02,308.02,36,51,3.68,2022-10-11 15:14:03
445,Gengenbach,DE,48.4,8.0167,290.68,288.72,77,20,3.6,2022-10-11 15:14:04
446,Krasnoye,UA,49.9145,24.6134,286.05,286.05,71,99,2.57,2022-10-11 15:14:05
447,San Vicente,AR,-26.6167,-54.1333,287.77,287.77,99,100,1.28,2022-10-11 15:14:06
448,Saint-Joseph,RE,-21.3667,55.6167,295.36,292.1,73,24,4.97,2022-10-11 15:14:06
449,Pinheiro Machado,BR,-31.5783,-53.3811,287.62,287.62,97,100,0.86,2022-10-11 15:14:07
450,Kirkwood,US,38.5834,-90.4068,290.57,287.18,89,100,5.14,2022-10-11 15:14:07
451,Axintele,RO,44.6,26.7833,291.99,291.99,41,100,1.95,2022-10-11 15:14:08
452,Coihaique,CL,-45.5752,-72.0662,284.49,284.12,58,75,2.06,2022-10-11 15:14:08
453,Svetlyy,RU,54.675,20.1347,286.18,285.91,70,10,7.73,2022-10-11 15:14:09
454,Dover,US,39.1582,-75.5244,293.81,289.98,59,0,1.54,2022-10-11 15:10:03
455,Anuradhapura,LK,8.3565,80.4173,298.62,298.62,85,99,1.86,2022-10-11 15:14:10
456,Mecca,SA,21.4267,39.8261,305.34,305.34,38,0,4.6,2022-10-11 15:10:36
457,Makariv,UA,50.4641,29.8113,282.97,282.97,54,2,1.88,2022-10-11 15:14:11
458,Santarem,BR,-2.4431,-54.7083,303.22,303.22,74,75,3.09,2022-10-11 15:14:12
459,Pitimbu,BR,-7.4706,-34.8086,300.85,300.85,63,41,8.5,2022-10-11 15:14:13
460,Bella Union,UY,-30.2752,-57.6007,292.36,292.36,60,47,2.87,2022-10-11 15:14:16
461,Abalak,RU,58.1286,68.5944,278.9,278.9,66,41,2.34,2022-10-11 15:14:16
462,Mumford,GH,5.2618,-0.759,300.06,300.06,76,97,4.31,2022-10-11 15:14:17
463,Nicoya,CR,10.1483,-85.452,300.93,300.93,78,21,1.23,2022-10-11 15:13:51
464,Rincon,US,32.296,-81.2354,297.51,295.88,69,75,5.14,2022-10-11 15:14:18
465,Rudraprayag,IN,30.2833,78.9833,292.04,292.04,89,1,0.79,2022-10-11 15:14:18
466,Sunndalsora,NO,62.6754,8.5515,278.61,278.61,99,100,2.28,2022-10-11 15:14:19
467,Oranjestad,AW,12.524,-70.027,304.21,304.21,76,37,3.13,2022-10-11 15:14:20
468,Krasnoborsk,RU,61.5598,45.934,279.53,279.53,92,87,1.9,2022-10-11 15:14:20
469,Urucara,BR,-2.5364,-57.76,308.16,308.16,41,95,2.25,2022-10-11 15:11:17
470,Hazleton,US,40.9584,-75.9746,288.85,284.77,63,0,0.89,2022-10-11 15:10:07
471,Tyukhtet,RU,56.5389,89.3011,280.3,280.3,86,100,5.17,2022-10-11 15:14:21
472,Quatre Cocos,MU,-20.2078,57.7625,295.42,295.42,68,5,5.66,2022-10-11 15:14:22
473,Aksay,RU,47.26,39.87,284.4,284.27,80,100,4.92,2022-10-11 15:14:22
474,Polunochnoye,RU,60.8697,60.4153,276.81,276.81,88,18,1.75,2022-10-11 15:14:23
475,Thetford Mines,CA,46.0913,-71.3013,280.53,280.53,57,54,4.89,2022-10-11 15:14:24
476,Aksarka,RU,66.5606,67.7975,276.17,276.17,87,80,5.22,2022-10-11 15:14:24
477,Tres Arroyos,AR,-38.3739,-60.2798,294.92,294.92,23,2,6.92,2022-10-11 15:14:25
478,Leczyca,PL,52.0596,19.1997,286.59,285.77,50,6,4.31,2022-10-11 15:14:26
479,Taltal,CL,-25.4,-70.4833,290.2,290.2,62,0,3.42,2022-10-11 15:14:26
480,Rehoboth,NA,-23.3167,17.0833,306.43,306.43,7,48,4.08,2022-10-11 15:14:27
481,Dudinka,RU,69.4058,86.1778,273.91,273.91,99,100,2.03,2022-10-11 15:14:27
482,San Pedro,PH,14.35,121.0167,301.1,298.9,79,100,1.62,2022-10-11 15:14:28
483,Atar,MR,20.5169,-13.0499,312.5,312.5,14,98,5.63,2022-10-11 15:14:28
484,Banda Aceh,ID,5.5577,95.3222,299.7,299.7,80,76,3.7,2022-10-11 15:14:29
485,Bollnas,SE,61.3482,16.3946,283.19,283.19,52,35,4.47,2022-10-11 15:14:29
486,Glenluce,GB,54.8798,-4.8084,285.56,285.56,72,82,7.37,2022-10-11 15:14:30
487,Kitgum,UG,3.2783,32.8867,298.43,298.43,66,63,3.11,2022-10-11 15:14:30
488,Sistranda,NO,63.7256,8.834,280.13,280.13,65,100,14.59,2022-10-11 15:14:31
489,Sao Jose Do Belmonte,BR,-7.8614,-38.7597,306.78,306.78,25,10,6.14,2022-10-11 15:14:31
490,Krasnoslobodsk,RU,48.7072,44.5714,284.05,284.01,87,0,3.0,2022-10-11 15:14:32
491,Ferkessedougou,CI,9.6,-5.2,302.14,302.14,66,80,2.76,2022-10-11 15:14:33
492,Imbituba,BR,-28.24,-48.6703,292.51,292.51,93,100,1.26,2022-10-11 15:11:07
493,Gurupi,BR,-11.7292,-49.0686,311.29,311.29,16,100,4.6,2022-10-11 15:14:36
494,Warri,NG,5.5167,5.75,302.77,302.77,67,62,3.1,2022-10-11 15:14:36
495,Maridi,SS,4.9158,29.4742,296.96,296.96,89,47,0.57,2022-10-11 15:14:37
496,Iralaya,HN,15.0,-83.2333,301.08,301.08,81,86,3.9,2022-10-11 15:14:37
497,At-Bashi,KG,41.1702,75.8106,278.8,278.8,15,0,1.99,2022-10-11 15:14:38
498,Mabaruma,GY,8.2,-59.7833,304.65,304.65,56,98,2.36,2022-10-11 15:14:38
499,Jacareacanga,BR,-6.2222,-57.7528,298.36,298.36,77,100,1.43,2022-10-11 15:14:39
500,Elizabeth City,US,36.2946,-76.2511,294.28,290.93,64,0,2.06,2022-10-11 15:10:52
501,Leshukonskoye,RU,64.8989,45.7622,280.17,280.17,89,100,2.62,2022-10-11 15:14:40
502,Dharchula,IN,29.85,80.5333,289.81,289.81,83,7,2.87,2022-10-11 15:14:40
503,Kyrylivka,UA,46.3759,35.3675,288.3,288.3,53,27,5.11,2022-10-11 15:14:43
504,Boa Vista,BR,2.8197,-60.6733,301.14,301.14,78,75,1.03,2022-10-11 15:14:45
505,Sawakin,SD,19.1059,37.3321,303.42,303.42,65,4,4.19,2022-10-11 15:14:48
506,Beisfjord,NO,68.3751,17.5988,281.18,281.18,98,100,2.66,2022-10-11 15:14:49
507,Camana,PE,-16.6228,-72.7111,291.75,291.75,70,65,5.05,2022-10-11 15:14:49
508,Kamina,CD,-8.7386,24.9906,300.24,300.24,28,99,1.49,2022-10-11 15:14:50
509,Itarema,BR,-2.9248,-39.9167,305.83,305.83,43,27,8.19,2022-10-11 15:13:00
510,Kita,ML,13.0349,-9.4895,307.08,307.08,38,100,1.46,2022-10-11 15:14:53
511,Kushmurun,KZ,52.4503,64.6311,285.17,285.17,38,98,2.73,2022-10-11 15:14:54
512,Cartagena Del Chaira,CO,1.3349,-74.8429,304.15,304.15,55,89,0.98,2022-10-11 15:14:54
513,Clearwater,US,27.9659,-82.8001,302.0,298.66,75,0,4.02,2022-10-11 15:11:50
514,Karasjok,NO,69.4719,25.5112,279.09,279.09,87,86,6.87,2022-10-11 15:14:55
515,Troyes,FR,48.3333,4.0833,291.18,290.58,68,100,2.57,2022-10-11 15:14:56
516,Makat,KZ,47.6469,53.3463,292.36,292.36,18,100,2.08,2022-10-11 15:14:57
517,Ostrowiec Swietokrzyski,PL,50.9294,21.3853,289.31,287.41,54,82,3.59,2022-10-11 15:14:58
518,Trelew,AR,-43.249,-65.3051,294.26,294.26,20,100,2.46,2022-10-11 15:14:59
519,Alta Floresta,BR,-9.8756,-56.0861,305.57,305.57,43,98,1.51,2022-10-11 15:14:59
520,Conde,BR,-7.2597,-34.9075,301.39,301.39,56,60,8.7,2022-10-11 15:15:00
521,San Cristobal,VE,7.7669,-72.225,300.25,300.25,51,64,3.15,2022-10-11 15:15:00
522,Ashqelon,IL,31.6693,34.5715,300.09,298.2,65,0,5.71,2022-10-11 15:15:01
523,Havoysund,NO,70.9963,24.6622,282.28,282.28,73,47,7.23,2022-10-11 15:15:02
524,Bom Jesus Da Lapa,BR,-13.255,-43.4181,309.61,309.61,14,83,5.28,2022-10-11 15:15:02
525,Marystown,CA,47.1666,-55.1483,284.07,284.07,62,62,7.94,2022-10-11 15:15:03
526,Betafo,MG,-19.8333,46.85,295.4,295.4,17,0,5.6,2022-10-11 15:15:04
527,Sanary-Sur-Mer,FR,43.1178,5.8001,298.07,294.2,69,96,1.69,2022-10-11 15:15:04
528,Tall Kayf,TR,37.0833,41.0667,299.81,299.34,17,0,3.09,2022-10-11 15:15:05
529,Santa Maria,BR,-29.6842,-53.8069,288.36,288.36,92,100,2.39,2022-10-11 15:15:05
530,Urdoma,RU,61.7533,48.5442,280.22,280.22,88,93,1.73,2022-10-11 15:15:06
531,Turbat,PK,26.0023,63.044,304.45,304.45,5,0,3.38,2022-10-11 15:15:06
532,Umm Kaddadah,SD,13.6017,26.6876,307.56,307.56,26,83,0.82,2022-10-11 15:15:07
533,Bolshevik,BY,54.0065,27.5692,284.94,284.61,72,100,3.53,2022-10-11 15:15:07
534,Manta,EC,-0.95,-80.7333,297.03,297.03,78,100,2.06,2022-10-11 15:15:08
535,Jega,NG,12.2175,4.3792,308.73,308.73,28,10,2.74,2022-10-11 15:15:08
536,Strezhevoy,RU,60.7333,77.5889,278.0,278.0,85,100,5.38,2022-10-11 15:15:09
537,Berkovica,BA,44.6156,18.4294,288.32,288.32,65,99,2.24,2022-10-11 15:15:10
538,Malinovoye Ozero,RU,51.6753,79.7825,282.7,282.7,47,59,3.12,2022-10-11 15:15:10
539,Killybegs,IE,54.6333,-8.45,285.99,285.99,80,100,8.31,2022-10-11 15:15:11
540,Abhar,IR,36.1468,49.218,288.39,288.39,54,0,2.91,2022-10-11 15:15:11
541,Mathathane,BW,-22.2687,28.7495,305.09,305.09,21,0,7.38,2022-10-11 15:15:12
542,Aranos,NA,-24.1333,19.1167,308.41,308.41,6,97,4.71,2022-10-11 15:15:12
543,George,ZA,-33.963,22.4617,291.9,291.9,82,20,6.17,2022-10-11 15:15:13
544,Tornio,FI,65.8481,24.1466,281.16,281.16,89,100,2.33,2022-10-11 15:15:14
545,Sfantu Gheorghe,RO,45.8667,25.7833,290.13,287.74,52,99,1.01,2022-10-11 15:15:15
546,Warrington,GB,53.3925,-2.5802,288.66,286.79,64,40,3.6,2022-10-11 15:15:16
547,Hazorasp,UZ,41.3194,61.0742,287.06,287.06,11,4,4.5,2022-10-11 15:15:17
548,Westport,US,41.1415,-73.3579,291.59,287.19,62,0,3.09,2022-10-11 15:15:17
549,Beyneu,KZ,45.3167,55.2,292.6,292.6,14,100,4.78,2022-10-11 15:15:21
550,Zaysan,KZ,47.4667,84.8667,278.35,278.35,60,5,1.6,2022-10-11 15:15:22
551,Balkanabat,TM,39.5108,54.3671,295.2,295.2,70,0,4.09,2022-10-11 15:10:25
552,Koulamoutou,GA,-1.1303,12.4736,304.36,304.36,70,66,0.56,2022-10-11 15:15:23
553,Yomou,GN,7.5603,-9.2653,300.55,300.55,76,91,1.27,2022-10-11 15:15:26
554,Yanam,IN,16.7333,82.2167,298.19,298.19,91,87,1.51,2022-10-11 15:15:27
555,Uppsala,SE,60.0,17.75,283.88,283.84,58,17,4.63,2022-10-11 15:15:27
556,Troy,US,42.6056,-83.1499,292.04,288.97,59,40,3.09,2022-10-11 15:15:28
557,Hajnowka,PL,52.7433,23.5812,285.26,285.26,62,99,4.34,2022-10-11 15:15:28
558,Huarmey,PE,-10.0681,-78.1522,292.88,292.88,73,74,4.79,2022-10-11 15:15:29
559,Sao Domingos Do Maranhao,BR,-5.5758,-44.3853,310.01,310.01,25,57,3.58,2022-10-11 15:15:30
560,Montpellier,FR,43.6109,3.8772,296.44,294.58,73,0,3.09,2022-10-11 15:12:20
561,Rumuruti,KE,0.267,36.5389,294.48,294.48,45,91,3.12,2022-10-11 15:15:31
562,Tiznit,MA,29.5833,-9.5,293.94,293.94,67,60,5.78,2022-10-11 15:15:31
563,Puerto Narino,CO,-3.7703,-70.3831,303.54,303.54,64,29,1.71,2022-10-11 15:15:32
564,Le Vauclin,MQ,14.5452,-60.8388,300.84,297.18,94,100,3.6,2022-10-11 15:14:19
565,Montepuez,MZ,-13.1256,38.9997,302.88,302.88,24,0,4.37,2022-10-11 15:15:32
566,Puerto Padre,CU,21.195,-76.6028,303.27,303.27,66,26,4.41,2022-10-11 15:15:33
567,Wabash,US,40.7978,-85.8205,292.92,290.27,54,57,6.44,2022-10-11 15:15:33
568,Yabrud,SY,33.9674,36.6574,292.0,292.0,34,0,1.78,2022-10-11 15:15:34
569,Yar-Sale,RU,66.8333,70.8333,276.86,276.86,94,100,6.96,2022-10-11 15:15:34
570,Mezen,RU,65.8522,44.24,280.36,280.36,84,100,3.38,2022-10-11 15:15:35
571,Bonfim,BR,3.0833,-59.95,303.47,303.47,59,99,2.46,2022-10-11 15:15:35
572,Abu Samrah,SY,35.3029,37.1841,298.86,298.86,29,0,2.48,2022-10-11 15:15:36
573,Barranca,PE,-10.75,-77.7667,291.28,291.28,74,88,4.36,2022-10-11 15:15:36
574,Tunoshna,RU,57.5459,40.1254,280.14,280.14,76,0,0.0,2022-10-11 15:15:37
575,Cochrane,CA,51.1834,-114.4687,279.74,273.3,74,0,1.03,2022-10-11 15:15:37
576,Yala,TH,6.3333,101.25,297.03,297.03,94,100,0.36,2022-10-11 15:15:38
577,Gonbad-E Qabus,IR,37.25,55.1672,297.68,297.68,62,33,3.1,2022-10-11 15:15:38
578,Nagua,DO,19.3832,-69.8474,303.32,302.18,74,20,3.09,2022-10-11 15:15:39
579,Heidelberg,ZA,-26.5048,28.3592,303.67,301.36,15,34,4.35,2022-10-11 15:15:39
580,Rudbar,AF,30.15,62.6,297.02,297.02,10,0,2.53,2022-10-11 15:15:40
581,Fria,GN,10.4167,-13.5833,302.16,302.16,58,100,0.89,2022-10-11 15:15:40
582,Lages,BR,-27.8161,-50.3261,287.34,287.34,99,100,2.01,2022-10-11 15:15:41
583,Bethanien,NA,-26.502,17.1583,308.16,308.16,9,100,7.96,2022-10-11 15:15:41
584,Umm Bab,QA,25.2142,50.8072,305.55,305.55,26,0,4.34,2022-10-11 15:15:42
585,Inyonga,TZ,-6.7167,32.0667,301.55,301.55,27,99,2.49,2022-10-11 15:15:42
586,Santana,BR,-0.0583,-51.1817,307.25,307.25,59,40,3.09,2022-10-11 15:15:43
587,Stromness,GB,58.965,-3.296,285.13,284.75,83,100,5.81,2022-10-11 15:13:52
588,Andenes,NO,69.3143,16.1194,281.14,280.33,81,75,8.75,2022-10-11 15:15:43
589,San Alberto,CO,7.7611,-73.3922,302.56,302.56,69,46,2.1,2022-10-11 15:15:44
590,Ipswich,GB,52.0592,1.1555,289.87,287.46,56,40,2.57,2022-10-11 15:15:45
591,Puerto Colombia,CO,10.9878,-74.9547,303.2,303.2,69,37,1.71,2022-10-11 15:15:46
592,Horasan,TR,40.0458,42.1728,287.74,287.74,39,1,0.19,2022-10-11 15:15:47
593,Sabratah,LY,32.7933,12.4885,301.7,301.7,47,5,4.0,2022-10-11 15:15:47
594,Tarko-Sale,RU,64.9225,77.785,276.86,276.86,91,100,6.85,2022-10-11 15:15:48
595,Teguise,ES,29.0605,-13.564,297.27,297.27,57,40,6.69,2022-10-11 15:15:50
596,Diffa,NE,13.3154,12.6113,309.39,309.39,17,10,8.11,2022-10-11 15:15:50
597,Saquena,PE,-4.6667,-73.5167,306.57,306.57,46,35,1.48,2022-10-11 15:15:51
598,Velyka Pysarivka,UA,50.4259,35.485,282.16,282.16,83,82,4.68,2022-10-11 15:15:52
599,Padre Paraiso,BR,-17.0742,-41.4844,303.67,303.67,27,11,3.61,2022-10-11 15:15:52
600,Humaita,BR,-7.5061,-63.0208,307.51,307.51,44,79,1.92,2022-10-11 15:15:53
601,Kelo,TD,9.3086,15.8066,301.2,301.2,72,35,1.88,2022-10-11 15:15:56
602,Manturovo,RU,58.3353,44.7619,278.92,278.92,69,6,1.11,2022-10-11 15:15:56
603,Ikot Ekpene,NG,5.1794,7.7108,302.14,302.14,72,88,2.45,2022-10-11 15:15:56
604,Macamic,CA,48.7502,-78.9996,281.76,281.76,64,50,5.16,2022-10-11 15:15:57
605,Bandar-E Lengeh,IR,26.5579,54.8807,304.21,304.21,70,0,3.09,2022-10-11 15:15:58
606,Tonekabon,IR,36.8163,50.8738,296.12,296.12,66,0,1.98,2022-10-11 15:15:58
607,Alice Town,BS,25.7167,-79.3,301.21,301.21,76,85,5.58,2022-10-11 15:15:59
608,Aripuana,BR,-9.1667,-60.6333,305.66,305.66,47,100,1.39,2022-10-11 15:15:59
609,Oranjemund,NA,-28.55,16.4333,290.29,290.29,80,87,5.52,2022-10-11 15:16:00
610,Sokoto,NG,13.0609,5.239,309.53,309.53,18,21,2.98,2022-10-11 15:16:00
611,Wana,PK,32.2989,69.5725,293.04,293.04,13,0,1.17,2022-10-11 15:16:01
612,Doha,QA,25.2867,51.5333,308.14,306.32,17,0,4.12,2022-10-11 15:12:07
613,Aswan,EG,24.0934,32.907,307.2,307.2,18,0,5.33,2022-10-11 15:16:02
614,Kapan,AM,39.2075,46.4058,289.55,289.55,65,8,0.65,2022-10-11 15:16:03
615,Mao,ES,39.8885,4.2658,293.46,293.46,83,20,3.09,2022-10-11 15:16:04
616,Kambove,CD,-10.8764,26.5969,303.19,303.19,15,64,2.12,2022-10-11 15:16:04
617,Karamadai,IN,11.2406,76.9601,298.36,298.36,84,98,0.99,2022-10-11 15:16:05
618,Morales,CO,2.757,-76.6172,297.07,297.07,54,85,1.14,2022-10-11 15:16:05
619,Kutum,SD,14.2,24.6667,304.26,304.26,19,26,6.08,2022-10-11 15:16:06
620,Zhanakorgan,KZ,43.9098,67.2495,287.78,287.78,19,0,3.05,2022-10-11 15:16:06
621,Larkana,PK,27.5551,68.2141,301.27,301.27,17,0,1.64,2022-10-11 15:16:07
622,Volot,RU,57.9278,30.7025,282.56,282.56,64,87,4.49,2022-10-11 15:16:08
623,Fontainebleau,FR,48.4044,2.6903,293.63,290.51,48,33,2.8,2022-10-11 15:16:09
624,Presidencia Roque Saenz Pena,AR,-26.7852,-60.4388,296.71,296.71,39,26,1.53,2022-10-11 15:16:10
625,Kahta,TR,37.7855,38.6237,295.8,295.8,28,0,2.0,2022-10-11 15:16:11
626,Verkhnyaya Inta,RU,65.9811,60.3094,276.92,276.92,89,94,4.94,2022-10-11 15:16:12
627,Belebey,RU,54.1167,54.1167,282.9,282.9,55,100,3.39,2022-10-11 15:16:12
628,Slobidka,UA,47.8869,29.3461,285.95,285.95,34,48,0.65,2022-10-11 15:16:14
629,Cotonou,BJ,6.3654,2.4183,301.11,301.11,72,85,4.48,2022-10-11 15:14:58
630,Kusa,RU,55.3383,59.4406,282.79,282.79,65,100,1.04,2022-10-11 15:16:14
631,Bar Harbor,US,44.3876,-68.2039,285.88,281.99,73,100,4.47,2022-10-11 15:13:07
632,Whitehaven,GB,54.549,-3.5841,286.29,286.29,100,100,2.68,2022-10-11 15:16:15
633,Porto Walter,BR,-8.2686,-72.7439,307.71,307.71,38,45,1.84,2022-10-11 15:16:16
634,Dakar,SN,14.6937,-17.4441,305.64,305.64,75,57,5.1,2022-10-11 15:16:16
635,Lundazi,ZM,-12.2929,33.1782,300.0,300.0,25,4,5.31,2022-10-11 15:16:17
636,Ploemeur,FR,47.7333,-3.4333,293.07,291.45,65,20,3.6,2022-10-11 15:16:17
637,Sheopur,IN,25.6667,76.7,299.48,299.48,50,10,1.16,2022-10-11 15:16:18
638,Guane,CU,22.2025,-84.0875,302.2,302.2,71,83,4.88,2022-10-11 15:16:18
639,Oyem,GA,1.5995,11.5793,298.23,298.23,84,33,1.45,2022-10-11 15:16:19
640,Saedinenie,BG,42.2667,24.55,291.27,290.01,67,100,3.09,2022-10-11 15:16:20
641,Minna,NG,9.6139,6.5569,304.73,304.73,53,23,1.21,2022-10-11 15:16:20
642,Cordele,US,31.9635,-83.7824,296.32,294.51,64,40,2.06,2022-10-11 15:16:20
643,Tabat,ID,-2.635,115.2274,296.5,296.5,97,100,1.2,2022-10-11 15:16:21
644,Ayorou,NE,14.7308,0.9174,311.5,311.5,19,48,3.58,2022-10-11 15:16:22
645,Mikhaylovka,RU,50.06,43.2379,284.14,284.1,74,73,0.79,2022-10-11 15:16:22
646,Vieques,PR,18.425,-65.8329,305.21,302.09,74,40,7.2,2022-10-11 15:16:23
647,Gat,IL,31.61,34.7642,299.53,297.64,100,0,5.83,2022-10-11 15:14:14
648,Abeokuta,NG,7.15,3.35,301.92,301.92,74,88,2.26,2022-10-11 15:16:25
649,Kuito,AO,-12.3833,16.9333,304.16,304.16,10,12,3.03,2022-10-11 15:16:26
650,Katesh,TZ,-4.5167,35.3833,297.5,297.5,26,51,4.01,2022-10-11 15:16:26
651,Anloga,GH,5.7947,0.8973,300.57,300.57,74,58,4.61,2022-10-11 15:16:27
652,Sarakhs,IR,36.5449,61.1577,295.23,295.23,11,0,3.49,2022-10-11 15:16:27
653,Presidente Venceslau,BR,-21.8761,-51.8439,297.1,297.1,71,100,1.22,2022-10-11 15:12:33
654,Maraa,BR,-1.8333,-65.3667,305.61,305.61,48,85,1.64,2022-10-11 15:16:28
655,Dutse,NG,11.7594,9.3392,307.82,307.82,23,3,4.91,2022-10-11 15:16:29
656,Kyshtovka,RU,56.555,76.6271,280.05,280.05,87,41,3.44,2022-10-11 15:16:29
657,Lahij,YE,13.1667,44.5833,301.71,301.71,46,19,4.0,2022-10-11 15:16:29
658,Teguldet,RU,57.3064,88.1667,278.8,278.8,93,80,3.89,2022-10-11 15:16:30
659,Agarak,AM,39.2068,46.5446,288.78,288.78,54,5,0.53,2022-10-11 15:16:30
660,Fram,PY,-26.9833,-55.8833,288.48,286.2,99,100,2.01,2022-10-11 15:16:31
661,Jawhar,SO,2.7809,45.5005,299.4,299.4,65,62,8.51,2022-10-11 15:16:31
662,Bogorodskoye,RU,56.55,37.8833,279.1,279.1,67,33,1.09,2022-10-11 15:16:31
663,Yuzhnyy,RU,53.2542,83.6936,283.36,282.89,46,40,6.0,2022-10-11 15:16:32
664,Dalbandin,PK,28.8947,64.4101,296.84,296.84,7,0,2.67,2022-10-11 15:16:32
665,Dzaoudzi,YT,-12.7887,45.2699,299.09,299.09,69,0,1.03,2022-10-11 15:16:33
666,Aksu,CN,41.1231,80.2644,288.01,288.01,31,0,2.41,2022-10-11 15:16:34
667,Wilmington,US,34.2257,-77.9447,297.1,294.18,61,0,5.66,2022-10-11 15:16:36
668,Luanda,AO,-8.8368,13.2343,298.49,298.49,72,39,6.41,2022-10-11 15:15:30
669,Merrill,US,45.1805,-89.6835,289.88,286.68,64,0,2.57,2022-10-11 15:11:39
670,Kondinskoye,RU,59.6481,67.41,278.9,278.9,79,53,4.08,2022-10-11 15:16:38
671,Trairi,BR,-3.2778,-39.2689,304.95,304.95,43,9,8.1,2022-10-11 15:14:54
672,Szamotuly,PL,52.612,16.5779,287.31,287.03,46,53,3.9,2022-10-11 15:16:39
673,Sable-Sur-Sarthe,FR,47.8376,-0.3329,293.26,291.57,47,2,3.02,2022-10-11 15:16:39
674,Namanga,KE,-2.5433,36.7905,298.97,298.97,31,5,5.53,2022-10-11 15:16:40
675,Gobabis,NA,-22.45,18.9667,305.96,305.96,7,46,5.14,2022-10-11 15:16:40
676,Luena,AO,-11.7833,19.9167,306.22,306.22,11,8,3.79,2022-10-11 15:16:41
677,Tokmak,UA,47.2514,35.7058,285.88,285.88,65,92,3.11,2022-10-11 15:16:41
678,Ouadda,CF,8.0777,22.4007,296.0,296.0,86,96,1.55,2022-10-11 15:16:42
679,Cassilandia,BR,-19.1133,-51.7342,306.37,306.37,28,94,4.72,2022-10-11 15:16:42
680,Eyemouth,GB,55.8713,-2.0901,286.94,286.61,65,97,6.19,2022-10-11 15:16:14
681,Jalingo,NG,8.8833,11.3667,304.45,304.45,57,62,1.08,2022-10-11 15:16:43
682,Uray,RU,60.1247,64.7758,280.28,280.28,71,99,4.08,2022-10-11 15:16:43
683,Muzhi,RU,65.3667,64.6667,278.1,278.1,82,98,6.77,2022-10-11 15:16:44
684,Qaqortoq,GL,60.7167,-46.0333,275.08,275.08,70,97,4.31,2022-10-11 15:16:45
685,Awbari,LY,26.5921,12.7805,303.77,303.77,13,21,4.32,2022-10-11 15:16:45
686,Catio,GW,11.2833,-15.25,303.51,303.51,70,100,2.69,2022-10-11 15:16:46
687,Norway,US,45.7869,-87.9037,286.5,285.05,78,0,3.6,2022-10-11 15:16:46
688,Kemi,FI,65.8596,24.8228,281.02,281.02,100,100,5.14,2022-10-11 15:16:47
689,Vabalninkas,LT,55.9667,24.75,284.82,284.82,60,35,4.98,2022-10-11 15:16:47
690,Springbok,ZA,-29.6643,17.8865,300.66,300.66,22,95,4.47,2022-10-11 15:16:48
691,Garissa,KE,-0.4536,39.6401,305.21,305.21,29,3,8.84,2022-10-11 15:16:49
692,Tefe,BR,-3.3542,-64.7114,303.21,303.21,70,20,3.09,2022-10-11 15:16:52
693,Havlickuv Brod,CZ,49.6078,15.5807,288.22,285.74,72,78,2.0,2022-10-11 15:16:52
694,Reinosa,ES,42.9996,-4.138,287.29,287.29,81,95,2.6,2022-10-11 15:16:53
695,Nara,JP,34.6851,135.8049,289.54,286.87,50,99,0.62,2022-10-11 15:16:53
696,Wetter,DE,50.9,8.7167,289.42,285.75,54,71,1.97,2022-10-11 15:15:32
697,Puerto Madryn,AR,-42.7692,-65.0385,291.98,291.98,28,86,0.54,2022-10-11 15:16:57
698,Stryn,NO,61.9045,6.7226,281.55,279.31,100,100,2.21,2022-10-11 15:16:58
699,Mbekenyera,TZ,-10.0,38.9833,299.34,299.34,49,7,5.87,2022-10-11 15:16:59
700,Bara,NG,10.3744,10.7288,306.96,306.96,38,59,3.69,2022-10-11 15:16:59
701,Homa Bay,KE,-0.5273,34.4571,293.45,293.45,79,24,8.33,2022-10-11 15:17:00
702,Detva,SK,48.5608,19.4195,288.66,288.66,63,54,0.87,2022-10-11 15:17:01
703,Nieuw Amsterdam,SR,5.8833,-55.0833,307.05,305.16,65,40,3.09,2022-10-11 15:17:01
704,Limenaria,GR,40.6261,24.5786,294.23,294.07,58,81,0.29,2022-10-11 15:17:02
705,Hagere Selam,ET,6.4833,38.5167,283.26,283.26,96,49,2.19,2022-10-11 15:17:02
706,Santa Cruz Del Sur,CU,20.7147,-77.9956,302.08,302.08,73,20,4.92,2022-10-11 15:17:03
707,La Rioja,ES,42.25,-2.5,286.03,286.03,72,100,0.54,2022-10-11 15:17:03
708,San Severino Marche,IT,43.2281,13.1802,294.81,290.56,64,99,2.69,2022-10-11 15:17:04
709,Pervomayskoye,RU,43.919,46.7102,287.68,287.68,60,99,2.28,2022-10-11 15:17:04
710,Bad Hersfeld,DE,50.8667,9.7,288.04,286.83,58,60,1.58,2022-10-11 15:17:06
711,Sudova Vyshnya,UA,49.7889,23.3722,288.05,288.05,76,100,3.26,2022-10-11 15:17:06
712,Naregal,IN,15.5833,75.8167,297.02,297.02,85,100,2.74,2022-10-11 15:17:06
713,Kabo,CF,7.6994,18.629,298.87,298.87,77,98,2.09,2022-10-11 15:17:07
714,Lovozero,RU,68.005,35.0117,278.61,278.61,87,100,3.5,2022-10-11 15:17:08
715,Takoradi,GH,4.8845,-1.7554,300.6,300.6,72,96,3.85,2022-10-11 15:17:08
